[
  { "slug": "mumbai", "name": "Mumbai" },
  { "slug": "delhi", "name": "Delhi" },
  { "slug": "bangalore", "name": "Bangalore" },
  { "slug": "chennai", "name": "Chennai" },
  { "slug": "pune", "name": "Pune" },
  { "slug": "hyderabad", "name": "Hyderabad" },
  { "slug": "kolkata", "name": "Kolkata" },
  { "slug": "ahmedabad", "name": "Ahmedabad" },
  { "slug": "gurgaon", "name": "Gurgaon" },
  { "slug": "noida", "name": "Noida" },
  { "slug": "thane", "name": "Thane" },
  { "slug": "navi-mumbai", "name": "Navi Mumbai" },
  { "slug": "jaipur", "name": "Jaipur" },
  { "slug": "lucknow", "name": "Lucknow" },
  { "slug": "kanpur", "name": "Kanpur" },
  { "slug": "nagpur", "name": "Nagpur" },
  { "slug": "indore", "name": "Indore" },
  { "slug": "bhopal", "name": "Bhopal" },
  { "slug": "surat", "name": "Surat" },
  { "slug": "vadodara", "name": "Vadodara" },
  { "slug": "rajkot", "name": "Rajkot" },
  { "slug": "patna", "name": "Patna" },
  { "slug": "ludhiana", "name": "Ludhiana" },
  { "slug": "agra", "name": "Agra" },
  { "slug": "nashik", "name": "Nashik" },
  { "slug": "faridabad", "name": "Faridabad" },
  { "slug": "ghaziabad", "name": "Ghaziabad" },
  { "slug": "meerut", "name": "Meerut" },
  { "slug": "varanasi", "name": "Varanasi" },
  { "slug": "visakhapatnam", "name": "Visakhapatnam" },
  { "slug": "coimbatore", "name": "Coimbatore" },
  { "slug": "kochi", "name": "Kochi" },
  { "slug": "thiruvananthapuram", "name": "Thiruvananthapuram" },
  { "slug": "mysore", "name": "Mysore" },
  { "slug": "mangalore", "name": "Mangalore" },
  { "slug": "madurai", "name": "Madurai" },
  { "slug": "chandigarh", "name": "Chandigarh" },
  { "slug": "dehradun", "name": "Dehradun" },
  { "slug": "guwahati", "name": "Guwahati" },
  { "slug": "bhubaneswar", "name": "Bhubaneswar" },
  { "slug": "ranchi", "name": "Ranchi" },
  { "slug": "jamshedpur", "name": "Jamshedpur" },
  { "slug": "raipur", "name": "Raipur" },
  { "slug": "aurangabad", "name": "Aurangabad" },
  { "slug": "jodhpur", "name": "Jodhpur" },
  { "slug": "udaipur", "name": "Udaipur" },
  { "slug": "kota", "name": "Kota" },
  { "slug": "amritsar", "name": "Amritsar" },
  { "slug": "jalandhar", "name": "Jalandhar" },
  { "slug": "allahabad", "name": "Prayagraj (Allahabad)" },
  { "slug": "jabalpur", "name": "Jabalpur" },
  { "slug": "gwalior", "name": "Gwalior" },
  { "slug": "vijayawada", "name": "Vijayawada" },
  { "slug": "tirupati", "name": "Tirupati" },
  { "slug": "hubli-dharwad", "name": "Hubli-Dharwad" },
  { "slug": "belgaum", "name": "Belgaum" }
]
